TimeStamp,SCA_ENG,RAW_ENG,MIN_ENG,MAX_ENG,ACT_ENG,SCA_VAL,RAW_VAL,MIN_VAL,MAX_VAL,ACT_VAL,SCA_MED,RAW_MED,MIN_MED,MAX_MED,ACT_MED,SCA_FRU,RAW_FRU,MIN_FRU,MAX_FRU,ACT_FRU,SCA_FOC,RAW_FOC,MIN_FOC,MAX_FOC,ACT_FOC,SCA_EXC,RAW_EXC,MIN_EXC,MAX_EXC,ACT_EXC,SCA_LEX,CQ_AF3,CQ_F7,CQ_F3,CQ_FC5,CQ_T7,CQ_P7,CQ_O1,CQ_O2,CQ_P8,CQ_T8,CQ_FC6,CQ_F4,CQ_F8,CQ_AF4
1548252424.770754,0.946502,-0.031086,-1.281805,-0.182859,1,0.840495,10.577196,-7.681761,18.211621,1,0.604551,0.241253,-0.018325,0.425480,1,0.289032,32.389412,12.276575,75.132657,1,0.154939,0.154939,0.000000,1.000000,1,0.148777,2.792776,1.670274,9.215141,1,0.230942,4,4,4,4,4,4,4,4,4,4,4,4,4,4
1548252434.757383,0.946502,-0.200570,-1.281805,-0.182859,1,0.545635,7.135759,-7.542355,18.113536,1,0.364284,0.156380,-0.012566,0.422149,1,0.418945,39.771599,14.444541,72.724129,1,0.319118,0.319118,0.000000,1.000000,1,0.324661,4.119794,1.670274,9.215141,1,0.212755,4,4,4,4,4,4,4,4,4,4,4,4,4,4
1548252444.746833,0.881066,-0.487395,-1.323301,-0.125752,1,0.427253,3.682060,-7.699934,18.145900,1,0.259242,0.114470,-0.008735,0.416084,1,0.229023,27.235950,12.469240,69.875175,1,0.312748,0.312748,0.000000,1.000000,1,0.261462,3.460995,1.563734,8.820101,1,0.228240,4,4,4,4,4,4,4,4,4,4,4,4,4,4
1548252454.742593,0.651781,-0.790067,-1.341955,-0.090972,1,0.587255,7.270030,-7.861445,18.088941,1,0.463815,0.189956,-0.005869,0.409893,1,0.633897,46.095303,12.454868,67.621720,1,0.371729,0.371729,0.000000,1.000000,1,0.167040,2.775837,1.563734,8.820101,1,0.237024,4,4,4,4,4,4,4,4,4,4,4,4,4,4
1548252464.720797,0.378678,-0.833062,-1.340134,-0.098304,1,0.646576,8.576247,-7.676212,17.951222,1,0.534934,0.215936,-0.000475,0.409399,1,0.944770,80.069176,11.422350,75.705263,1,0.450771,0.450771,0.000000,1.000000,1,0.101326,2.169524,1.456591,8.492595,1,0.216844,4,4,4,4,4,4,4,4,4,4,4,4,4,4
1548252474.709012,0.872115,0.366275,-1.342807,-0.096607,1,0.943057,20.222814,-7.819254,18.075914,1,0.481526,0.200157,0.004330,0.407918,1,0.902471,79.082176,9.551731,83.129083,1,0.441641,0.441641,0.000000,1.000000,1,0.257964,3.271626,1.456591,8.492595,1,0.220866,4,4,4,4,4,4,4,4,4,4,4,4,4,4
1548252484.697083,0.895503,-0.307447,-1.410981,-0.009627,1,0.608074,6.535316,-7.768333,18.082398,1,0.407122,0.176943,0.008454,0.405062,1,0.484357,46.618710,11.744653,83.283892,1,0.380180,0.380180,0.000000,1.000000,1,0.521057,4.922732,1.308716,8.244648,1,0.296165,4,4,4,4,4,4,4,4,4,4,4,4,4,4
1548252494.684701,0.888671,-0.158794,-1.461691,0.061199,1,0.580504,7.523234,-7.626257,17.982051,1,0.329115,0.151166,0.011892,0.401403,1,0.302108,34.951927,11.635934,81.749956,1,0.364572,0.364572,0.000000,1.000000,1,0.488902,4.699704,1.308716,8.244648,1,0.318068,4,4,4,4,4,4,4,4,4,4,4,4,4,4
1548252504.676340,0.874343,0.034088,-1.499856,0.119877,1,0.584953,8.256165,-7.584844,17.873689,1,0.298018,0.139948,0.014266,0.396686,1,0.176756,23.289370,9.625376,80.679710,1,0.378017,0.378017,0.000000,1.000000,1,0.556606,5.097764,1.452450,8.001638,1,0.387853,4,4,4,4,4,4,4,4,4,4,4,4,4,4
1548252514.661757,0.873750,0.158114,-1.540847,0.182134,1,0.816404,11.472630,-7.545332,17.946938,1,0.417671,0.180165,0.017189,0.393115,1,0.615607,51.834671,10.564625,80.020719,1,0.490604,0.490604,0.000000,1.000000,1,0.316008,3.522043,1.452450,8.001638,1,0.430299,4,4,4,4,4,4,4,4,4,4,4,4,4,4
1548252524.649764,0.868204,0.000508,-1.587109,0.250625,1,0.572537,6.326254,-7.390942,17.892144,1,0.331475,0.153284,0.020214,0.390166,1,0.649890,54.192616,11.564031,79.910677,1,0.551686,0.551686,0.000000,1.000000,1,0.330212,3.664787,1.622228,7.807817,1,0.438692,4,4,4,4,4,4,4,4,4,4,4,4,4,4
1548252534.636673,0.845453,0.182657,-1.613501,0.298505,1,0.672065,8.176329,-7.238988,17.784934,1,0.335531,0.154675,0.022446,0.386368,1,0.811231,66.353409,12.688185,80.481048,1,0.611207,0.611207,0.000000,1.000000,1,0.383504,3.994424,1.622228,7.807817,1,0.437837,4,4,4,4,4,4,4,4,4,4,4,4,4,4
1548252544.623655,0.846637,-0.113130,-1.649881,0.357433,1,0.783649,12.636615,-7.091400,17.700433,1,0.386338,0.170408,0.024470,0.382639,1,0.807568,66.437675,13.163026,80.868638,1,0.571503,0.571503,0.000000,1.000000,1,0.445329,4.344721,1.744362,7.583549,1,0.410137,4,4,4,4,4,4,4,4,4,4,4,4,4,4
1548252554.612611,0.782225,-0.037970,-1.660476,0.387942,1,0.580286,6.855626,-6.969278,17.671751,1,0.349595,0.160363,0.027443,0.381110,1,0.469126,45.656178,14.023246,80.581146,1,0.488146,0.488146,0.000000,1.000000,1,0.520623,4.784376,1.744362,7.583549,1,0.434136,4,4,4,4,4,4,4,4,4,4,4,4,4,4
1548252564.600374,0.821020,-0.249437,-1.667245,0.413867,1,0.599547,6.981142,-6.834326,17.569108,1,0.296715,0.143232,0.029169,0.377558,1,0.242461,31.855593,14.011598,79.577582,1,0.436720,0.436720,0.000000,1.000000,1,0.470016,4.478815,1.868360,7.422332,1,0.449516,4,4,4,4,4,4,4,4,4,4,4,4,4,4
1548252574.588504,0.800542,0.105335,-1.683171,0.450368,1,0.476794,5.092562,-6.792956,17.484220,1,0.289445,0.140757,0.030755,0.374100,1,0.151312,22.890583,12.656860,78.625119,1,0.396498,0.396498,0.000000,1.000000,1,0.350468,3.814847,1.868360,7.422332,1,0.437301,4,4,4,4,4,4,4,4,4,4,4,4,4,4
1548252584.576589,0.769251,-0.128232,-1.690205,0.476486,1,0.509234,5.285227,-6.821329,17.412900,1,0.238563,0.122615,0.031909,0.370509,1,0.259100,30.487192,11.187873,77.767278,1,0.466494,0.466494,0.000000,1.000000,1,0.381693,3.989815,1.961854,7.274919,1,0.441561,4,4,4,4,4,4,4,4,4,4,4,4,4,4
1548252594.564475,0.775926,-0.186460,-1.686600,0.488915,1,0.456440,4.473587,-6.964952,17.382518,1,0.199920,0.106940,0.032512,0.366809,1,0.261512,29.781759,10.377978,76.743997,1,0.441242,0.441242,0.000000,1.000000,1,0.159398,2.808743,1.961854,7.274919,1,0.379104,4,4,4,4,4,4,4,4,4,4,4,4,4,4
1548252604.550947,0.806167,0.085700,-1.687352,0.506818,1,0.573155,6.023730,-6.900043,17.302201,1,0.377489,0.166228,0.034157,0.364371,1,0.592163,48.468010,10.799995,76.357160,1,0.466567,0.466567,0.000000,1.000000,1,0.553121,4.827181,1.936473,7.162654,1,0.341923,4,4,4,4,4,4,4,4,4,4,4,4,4,4
1548252614.540793,0.808606,0.049177,-1.699053,0.537846,1,0.753052,8.612715,-7.025811,17.429713,1,0.363711,0.162376,0.035834,0.361856,1,0.613947,49.815113,11.759429,75.957386,1,0.476169,0.476169,0.000000,1.000000,1,0.291307,3.458895,1.936473,7.162654,1,0.353241,4,4,4,4,4,4,4,4,4,4,4,4,4,4
1548252624.529119,0.769492,-0.090242,-1.702188,0.558510,1,0.687965,9.095371,-6.885375,17.380890,1,0.245075,0.125507,0.036970,0.358934,1,0.427551,40.142601,12.474852,75.123992,1,0.442097,0.442097,0.000000,1.000000,1,0.182491,2.913766,1.992675,7.040011,1,0.311795,4,4,4,4,4,4,4,4,4,4,4,4,4,4
1548252634.513356,0.756291,0.074873,-1.698849,0.570611,1,0.716241,8.817340,-6.754409,17.346712,1,0.240157,0.123491,0.037706,0.355856,1,0.378241,37.445316,12.879882,74.202105,1,0.404133,0.404133,0.000000,1.000000,1,0.146570,2.732463,1.992675,7.040011,1,0.273220,4,4,4,4,4,4,4,4,4,4,4,4,4,4
1548252644.502924,0.752038,-0.440387,-1.698027,0.585795,1,0.723150,9.071174,-6.687853,17.378703,1,0.253566,0.127832,0.038516,0.352942,1,0.551755,45.999504,13.365772,73.625322,1,0.493199,0.493199,0.000000,1.000000,1,0.369954,3.793341,1.939923,6.949788,1,0.313938,4,4,4,4,4,4,4,4,4,4,4,4,4,4
1548252654.490599,0.727634,0.058954,-1.692638,0.594518,1,0.686822,9.554404,-6.555580,17.322312,1,0.202672,0.109454,0.039171,0.350071,1,0.390050,38.219093,14.005937,72.979073,1,0.440156,0.440156,0.000000,1.000000,1,0.186872,2.876129,1.939923,6.949788,1,0.290174,4,4,4,4,4,4,4,4,4,4,4,4,4,4
1548252664.479953,0.747352,0.438805,-1.684154,0.598198,1,0.847038,19.009413,-6.440938,17.281413,1,0.248485,0.125423,0.039727,0.347257,1,0.734104,55.082123,14.264015,72.317781,1,0.554304,0.554304,0.000000,1.000000,1,0.374717,3.783187,1.950655,6.841093,1,0.300040,4,4,4,4,4,4,4,4,4,4,4,4,4,4
1548252674.466029,0.792688,0.077834,-1.691564,0.622695,1,0.724319,10.613399,-6.519625,17.426886,1,0.216629,0.114368,0.040479,0.344652,1,0.553442,46.065559,14.843096,72.351749,1,0.505973,0.505973,0.000000,1.000000,1,0.221251,3.032671,1.950655,6.841093,1,0.318631,4,4,4,4,4,4,4,4,4,4,4,4,4,4
1548252684.453709,0.726927,0.221381,-1.688279,0.632672,1,0.743959,11.257526,-6.404150,17.397983,1,0.231364,0.119231,0.040961,0.342143,1,0.434981,40.412758,15.063243,71.686340,1,0.481338,0.481338,0.000000,1.000000,1,0.627905,4.973739,1.969054,6.754306,1,0.325536,4,4,4,4,4,4,4,4,4,4,4,4,4,4
1548252694.441972,0.816557,0.020383,-1.692345,0.652647,1,0.852820,16.336255,-6.332835,17.418576,1,0.203125,0.108878,0.041290,0.339527,1,0.634608,49.385971,15.385456,71.086807,1,0.582192,0.582192,0.000000,1.000000,1,0.390211,3.836313,1.969054,6.754306,1,0.379123,4,4,4,4,4,4,4,4,4,4,4,4,4,4
1548252704.430841,0.778960,0.394338,-1.693490,0.669011,1,0.729857,10.096234,-6.394885,17.558459,1,0.285491,0.135643,0.042225,0.337364,1,0.473382,42.265415,15.830280,71.054740,1,0.478193,0.478193,0.000000,1.000000,1,0.247089,3.183601,2.034681,6.684504,1,0.377992,4,4,4,4,4,4,4,4,4,4,4,4,4,4
1548252714.417221,0.794137,0.060778,-1.698321,0.689893,1,0.762060,10.913818,-6.310254,17.565770,1,0.205510,0.109806,0.042713,0.334985,1,0.446971,40.995804,16.149302,70.468482,1,0.464756,0.464756,0.000000,1.000000,1,0.129308,2.635940,2.034681,6.684504,1,0.311258,4,4,4,4,4,4,4,4,4,4,4,4,4,4
1548252724.408623,0.791870,-0.110567,-1.703057,0.710557,1,0.896170,16.332470,-6.665518,17.932332,1,0.234639,0.119554,0.043277,0.332709,1,0.905755,68.386307,16.365029,70.976319,1,0.623900,0.623900,0.000000,1.000000,1,0.352058,3.611229,1.973100,6.626110,1,0.307594,4,4,4,4,4,4,4,4,4,4,4,4,4,4
1548252734.395320,0.773221,-0.012397,-1.705641,0.728462,1,0.920288,21.676163,-6.913968,18.229599,1,0.233653,0.118888,0.043624,0.330412,1,0.782532,57.831345,16.833749,71.056428,1,0.560426,0.560426,0.000000,1.000000,1,0.232103,3.053078,1.973100,6.626110,1,0.280537,4,4,4,4,4,4,4,4,4,4,4,4,4,4
1548252744.384720,0.741779,0.247215,-1.701143,0.736892,1,0.830900,13.948000,-7.366934,18.680960,1,0.251713,0.124388,0.044255,0.328316,1,0.514459,44.774769,17.310744,70.996459,1,0.430582,0.430582,0.000000,1.000000,1,0.188620,2.819937,1.949415,6.564631,1,0.238295,4,4,4,4,4,4,4,4,4,4,4,4,4,4
1548252754.371343,0.676726,0.303460,-1.696285,0.744460,1,0.770647,11.727039,-7.945366,19.211493,1,0.326739,0.145020,0.045003,0.326418,1,0.618543,49.330009,17.560762,70.804710,1,0.433354,0.433354,0.000000,1.000000,1,0.397156,3.782374,1.949415,6.564631,1,0.219852,4,4,4,4,4,4,4,4,4,4,4,4,4,4
1548252764.360552,0.794296,0.431889,-1.689916,0.748193,1,0.840474,15.702538,-7.967026,19.325875,1,0.239303,0.120652,0.045736,0.324545,1,0.654949,50.987122,18.011180,70.506169,1,0.530754,0.530754,0.000000,1.000000,1,0.364345,3.605179,1.940000,6.510336,1,0.306688,4,4,4,4,4,4,4,4,4,4,4,4,4,4
1548252774.347223,0.752314,-0.117895,-1.689541,0.760693,1,0.866665,15.950372,-8.223344,19.636788,1,0.318241,0.142356,0.046250,0.322713,1,0.735144,54.947136,18.395624,70.302397,1,0.539889,0.539889,0.000000,1.000000,1,0.476799,4.119132,1.940000,6.510336,1,0.328068,4,4,4,4,4,4,4,4,4,4,4,4,4,4
1548252784.335109,0.774915,0.406627,-1.686284,0.769916,1,0.877824,17.078772,-8.833762,20.214267,1,0.247292,0.123065,0.047066,0.321059,1,0.863462,64.330086,18.511348,71.245138,1,0.641970,0.641970,0.000000,1.000000,1,0.409448,3.806043,1.982528,6.436121,1,0.371541,4,4,4,4,4,4,4,4,4,4,4,4,4,4
1548252794.324402,0.731389,-0.048221,-1.683696,0.779892,1,0.905158,17.731574,-9.177505,20.594838,1,0.278457,0.131692,0.047605,0.319227,1,0.567490,47.963402,18.902446,71.328448,1,0.561697,0.561697,0.000000,1.000000,1,0.646965,4.863845,1.982528,6.436121,1,0.423446,4,4,4,4,4,4,4,4,4,4,4,4,4,4
1548252804.310508,0.697469,-0.011006,-1.675573,0.781493,1,0.787467,13.513073,-9.170344,20.685794,1,0.248113,0.123174,0.048244,0.317524,1,0.393699,40.482555,19.025793,70.898573,1,0.528111,0.528111,0.000000,1.000000,1,0.367074,3.629999,2.030636,6.387697,1,0.466391,4,4,4,4,4,4,4,4,4,4,4,4,4,4
1548252814.296980,0.727216,-0.042219,-1.668333,0.784285,1,0.801602,13.794336,-9.151475,20.768778,1,0.216900,0.113659,0.048701,0.315756,1,0.381517,39.910995,19.241571,70.482488,1,0.494296,0.494296,0.000000,1.000000,1,0.155201,2.706854,2.030636,6.387697,1,0.406320,4,4,4,4,4,4,4,4,4,4,4,4,4,4
1548252824.284565,0.735330,-0.118225,-1.662102,0.788494,1,0.834884,15.152047,-9.224964,20.931944,1,0.177442,0.099994,0.048755,0.313903,1,0.585226,48.292667,19.505644,70.111029,1,0.528778,0.528778,0.000000,1.000000,1,0.053858,2.230859,1.997031,6.338594,1,0.310887,4,4,4,4,4,4,4,4,4,4,4,4,4,4
1548252834.272126,0.708469,0.131146,-1.654987,0.791108,1,0.826735,16.371013,-9.293359,21.091459,1,0.197544,0.106720,0.048905,0.312110,1,0.430922,42.071960,19.842517,69.865803,1,0.423630,0.423630,0.000000,1.000000,1,0.087472,2.376796,1.997031,6.338594,1,0.235909,4,4,4,4,4,4,4,4,4,4,4,4,4,4
1548252844.265325,0.671303,0.193022,-1.647647,0.793057,1,0.835103,16.343179,-9.401762,21.283890,1,0.219843,0.113537,0.049082,0.310367,1,0.412610,41.306023,20.082164,69.513202,1,0.366105,0.366105,0.000000,1.000000,1,0.118431,2.429290,1.906521,6.320647,1,0.159233,4,4,4,4,4,4,4,4,4,4,4,4,4,4
1548252854.251826,0.649035,0.042637,-1.639217,0.792758,1,0.832214,16.057524,-9.573997,21.528368,1,0.213079,0.111251,0.049342,0.308691,1,0.467509,43.485870,20.328289,69.186994,1,0.378741,0.378741,0.000000,1.000000,1,0.196062,2.771962,1.906521,6.320647,1,0.132167,4,4,4,4,4,4,4,4,4,4,4,4,4,4
1548252864.237986,0.757381,-0.063983,-1.632539,0.794954,1,0.858388,17.531595,-9.752603,21.777733,1,0.340717,0.144429,0.049690,0.307148,1,0.524032,45.739586,20.636118,68.982660,1,0.359709,0.359709,0.000000,1.000000,1,0.535597,4.230597,1.859291,6.286695,1,0.160267,4,4,4,4,4,4,4,4,4,4,4,4,4,4
1548252874.223535,0.689132,0.006598,-1.625730,0.796887,1,0.842622,17.706670,-9.969126,22.057659,1,0.236945,0.118230,0.050247,0.305729,1,0.421617,41.771645,20.891303,68.697354,1,0.437258,0.437258,0.000000,1.000000,1,0.498368,4.065769,1.859291,6.286695,1,0.267021,4,4,4,4,4,4,4,4,4,4,4,4,4,4
1548252884.211479,0.609386,-0.206165,-1.616713,0.794144,1,0.829079,15.146123,-10.168316,22.324451,1,0.264426,0.125573,0.050670,0.304249,1,0.584444,48.078373,21.200445,68.503355,1,0.507515,0.507515,0.000000,1.000000,1,0.349869,3.412648,1.892417,6.237556,1,0.314361,4,4,4,4,4,4,4,4,4,4,4,4,4,4
1548252894.199484,0.794388,0.111769,-1.610706,0.795734,1,0.791275,14.703750,-10.220850,22.466534,1,0.292820,0.132813,0.051356,0.303035,1,0.384975,40.445812,21.416940,68.251164,1,0.401367,0.401367,0.000000,1.000000,1,0.193254,2.732133,1.892417,6.237556,1,0.310911,4,4,4,4,4,4,4,4,4,4,4,4,4,4
1548252904.186838,0.807584,0.788711,-1.612951,0.809305,1,0.797319,15.154350,-10.221844,22.560368,1,0.262915,0.125291,0.051860,0.301772,1,0.347376,38.870407,21.503987,67.952988,1,0.357381,0.357381,0.000000,1.000000,1,0.000000,1.852208,1.852208,6.199775,1,0.247072,4,4,4,4,4,4,4,4,4,4,4,4,4,4
1548252914.174991,0.764869,-0.158788,-1.622229,0.832164,1,0.818672,16.359074,-10.270920,22.705426,1,0.257351,0.123804,0.052366,0.300379,1,0.476950,43.801449,21.656144,67.643984,1,0.382306,0.382306,0.000000,1.000000,1,0.165955,2.573709,1.852208,6.199775,1,0.186071,4,4,4,4,4,4,4,4,4,4,4,4,4,4
1548252924.163446,0.732251,0.399313,-1.617632,0.837114,1,0.785115,14.851607,-10.249600,22.781533,1,0.272144,0.127508,0.052836,0.299080,1,0.440325,42.401978,21.809101,67.365375,1,0.339524,0.339524,0.000000,1.000000,1,0.130165,2.348714,1.775890,6.176629,1,0.146181,4,4,4,4,4,4,4,4,4,4,4,4,4,4
1548252934.152120,0.762614,-0.013948,-1.613911,0.843154,1,0.794171,15.437582,-10.220990,22.849697,1,0.253653,0.122698,0.053210,0.297753,1,0.572339,47.234905,22.039437,67.169918,1,0.400234,0.400234,0.000000,1.000000,1,0.190782,2.615470,1.775890,6.176629,1,0.151361,4,4,4,4,4,4,4,4,4,4,4,4,4,4
1548252944.139681,0.708513,-0.093049,-1.608955,0.847227,1,0.801429,15.642026,-10.168254,22.892611,1,0.255427,0.123095,0.053632,0.296488,1,0.382729,40.304550,22.228178,66.927026,1,0.334871,0.334871,0.000000,1.000000,1,0.156289,2.431782,1.745780,6.135103,1,0.155517,4,4,4,4,4,4,4,4,4,4,4,4,4,4
1548252954.128953,0.721530,0.046327,-1.603821,0.850869,1,0.767151,13.756229,-10.155666,22.974150,1,0.231254,0.116574,0.053905,0.295173,1,0.421448,41.694374,22.340122,66.666219,1,0.345089,0.345089,0.000000,1.000000,1,0.099117,2.180837,1.745780,6.135103,1,0.133289,4,4,4,4,4,4,4,4,4,4,4,4,4,4
1548252964.118364,0.759236,0.734950,-1.600918,0.857608,1,0.827772,20.041266,-10.169172,23.076372,1,0.265725,0.125379,0.054266,0.293931,1,0.456177,42.967014,22.541529,66.481352,1,0.369857,0.369857,0.000000,1.000000,1,0.328738,3.138909,1.682376,6.113052,1,0.171593,4,4,4,4,4,4,4,4,4,4,4,4,4,4
1548252974.101346,0.723980,0.194457,-1.599028,0.865550,1,0.709456,11.998565,-10.268393,23.240871,1,0.515468,0.177383,0.054856,0.293991,1,0.388436,40.552277,22.728916,66.283225,1,0.268880,0.268880,0.000000,1.000000,1,0.418670,3.537367,1.682376,6.113052,1,0.245943,4,4,4,4,4,4,4,4,4,4,4,4,4,4
1548252984.088493,0.708530,-0.032647,-1.592941,0.867340,1,0.583156,8.735475,-10.205890,23.171449,1,0.293976,0.132733,0.055551,0.293203,1,0.242056,34.432842,22.634640,66.056402,1,0.357489,0.357489,0.000000,1.000000,1,0.344546,3.208611,1.708096,6.063146,1,0.304984,4,4,4,4,4,4,4,4,4,4,4,4,4,4
1548252994.077868,0.621320,-0.081675,-1.585777,0.866811,1,0.543632,7.486163,-10.145677,23.100814,1,0.302580,0.134640,0.056023,0.292115,1,0.160596,29.760851,22.403575,65.876181,1,0.330239,0.330239,0.000000,1.000000,1,0.249197,2.793364,1.708096,6.063146,1,0.314581,4,4,4,4,4,4,4,4,4,4,4,4,4,4
1548253004.068950,0.693664,0.104532,-1.577564,0.863312,1,0.547533,7.588841,-10.110395,23.032295,1,0.214657,0.112807,0.056365,0.290968,1,0.109236,25.397362,21.867818,65.829598,1,0.329717,0.329717,0.000000,1.000000,1,0.169540,2.432302,1.700325,6.017746,1,0.282758,4,4,4,4,4,4,4,4,4,4,4,4,4,4
1548253014.055559,0.668481,-0.083944,-1.570548,0.862796,1,0.553977,7.936329,-10.077387,22.965289,1,0.243970,0.120421,0.056572,0.289774,1,0.098311,23.650059,21.106776,65.903161,1,0.274118,0.274118,0.000000,1.000000,1,0.046691,1.901908,1.700325,6.017746,1,0.224064,4,4,4,4,4,4,4,4,4,4,4,4,4,4
1548253024.041135,0.677548,-0.001791,-1.563080,0.861160,1,0.626050,9.467728,-10.039892,22.901424,1,0.214453,0.112519,0.056805,0.288614,1,0.456326,41.700657,20.734876,65.825315,1,0.420453,0.420453,0.000000,1.000000,1,0.265851,2.809037,1.652771,6.002075,1,0.211944,4,4,4,4,4,4,4,4,4,4,4,4,4,4
1548253034.029113,0.753675,0.141368,-1.557951,0.863417,1,0.596821,9.041756,-9.967236,22.829813,1,0.180675,0.102460,0.056896,0.287432,1,0.351988,37.719036,20.785732,65.590266,1,0.389584,0.389584,0.000000,1.000000,1,0.227600,2.642675,1.652771,6.002075,1,0.205301,4,4,4,4,4,4,4,4,4,4,4,4,4,4
1548253044.017885,0.746250,0.424867,-1.554115,0.867756,1,0.616784,9.667835,-9.884765,22.758958,1,0.192995,0.105999,0.056958,0.286263,1,0.325197,36.612518,20.858524,65.361030,1,0.377906,0.377906,0.000000,1.000000,1,0.280599,2.852417,1.636656,5.969388,1,0.207780,4,4,4,4,4,4,4,4,4,4,4,4,4,4
1548253054.004956,0.728299,0.284851,-1.551457,0.873673,1,0.626646,9.649350,-9.797006,22.689168,1,0.192719,0.105709,0.057006,0.285111,1,0.331019,36.786484,20.889414,65.135927,1,0.370214,0.370214,0.000000,1.000000,1,0.160182,2.330683,1.636656,5.969388,1,0.197581,4,4,4,4,4,4,4,4,4,4,4,4,4,4
1548253063.992306,0.681436,0.026500,-1.546504,0.876061,1,0.673048,11.265715,-9.697543,22.625071,1,0.223962,0.114211,0.057172,0.284010,1,0.243968,32.858337,20.761174,64.945123,1,0.336753,0.336753,0.000000,1.000000,1,0.188398,2.430033,1.614714,5.942357,1,0.214495,4,4,4,4,4,4,4,4,4,4,4,4,4,4
1548253073.979770,0.670889,-0.137867,-1.539167,0.873592,1,0.658936,10.401831,-9.608714,22.603958,1,0.289525,0.129850,0.057586,0.283085,1,0.290835,34.937641,20.804324,64.732940,1,0.320513,0.320513,0.000000,1.000000,1,0.145863,2.245959,1.614714,5.942357,1,0.215783,4,4,4,4,4,4,4,4,4,4,4,4,4,4
1548253083.972171,0.670260,0.141167,-1.532170,0.871902,1,0.672794,12.083955,-9.505460,22.558713,1,0.230476,0.115904,0.057859,0.282078,1,0.530079,43.778347,20.909826,64.544327,1,0.412620,0.412620,0.000000,1.000000,1,0.191591,2.411139,1.578192,5.925707,1,0.170003,4,4,4,4,4,4,4,4,4,4,4,4,4,4
1548253093.960139,0.698377,0.304766,-1.525882,0.871544,1,0.537506,6.973002,-9.454391,22.539746,1,0.275036,0.126651,0.058390,0.281352,1,0.289251,34.961250,21.046255,64.504095,1,0.328894,0.328894,0.000000,1.000000,1,0.326525,2.997765,1.578192,5.925707,1,0.207838,4,4,4,4,4,4,4,4,4,4,4,4,4,4
1548253103.944999,0.728323,-0.047283,-1.520956,0.873459,1,0.614359,10.303726,-9.426644,22.482184,1,0.238600,0.118029,0.058620,0.280358,1,0.308457,35.629005,20.944120,64.322345,1,0.344729,0.344729,0.000000,1.000000,1,0.139080,2.166163,1.562958,5.900073,1,0.209033,4,4,4,4,4,4,4,4,4,4,4,4,4,4
1548253113.934167,0.703819,0.198349,-1.516024,0.875274,1,0.663357,8.950550,-9.400549,22.502549,1,0.453281,0.161213,0.059152,0.279816,1,0.932726,65.485764,20.935346,64.362420,1,0.571493,0.571493,0.000000,1.000000,1,1.000000,5.900073,1.562958,5.900073,1,0.331272,4,4,4,4,4,4,4,4,4,4,4,4,4,4
1548253123.921834,0.716480,0.319405,-1.512398,0.878955,1,0.709204,12.032142,-9.308644,22.448775,1,0.262454,0.123949,0.059575,0.279019,1,0.891270,61.385654,20.940688,64.866539,1,0.726700,0.726700,0.000000,1.000000,1,0.588316,4.129357,1.568920,5.921063,1,0.497007,4,4,4,4,4,4,4,4,4,4,4,4,4,4
1548253133.908799,0.688524,-0.179626,-1.507265,0.880131,1,0.772470,14.343092,-9.253017,22.466222,1,0.217737,0.113080,0.059768,0.278062,1,0.974191,76.098129,20.639837,65.868541,1,0.757274,0.757274,0.000000,1.000000,1,0.210585,2.485418,1.568920,5.921063,1,0.484735,4,4,4,4,4,4,4,4,4,4,4,4,4,4
1548253143.895658,0.705951,-0.048938,-1.501892,0.880778,1,0.713295,12.692567,-9.191238,22.476507,1,0.200696,0.108476,0.059910,0.277100,1,0.885219,63.029663,20.037729,67.356404,1,0.735408,0.735408,0.000000,1.000000,1,0.708564,4.633486,1.574220,5.891777,1,0.451434,4,4,4,4,4,4,4,4,4,4,4,4,4,4
1548253153.884846,0.694972,0.162651,-1.495986,0.880354,1,0.744094,12.753871,-9.119198,22.475382,1,0.599571,0.185671,0.060153,0.276289,1,0.756882,54.741951,20.108455,67.738755,1,0.489711,0.489711,0.000000,1.000000,1,0.314884,2.933751,1.574220,5.891777,1,0.479945,4,4,4,4,4,4,4,4,4,4,4,4,4,4
1548253163.871707,0.640702,-0.019962,-1.490172,0.879859,1,0.772305,16.076600,-9.043059,22.465742,1,0.301848,0.132187,0.060700,0.275830,1,0.814078,58.033600,20.302947,67.742221,1,0.660660,0.660660,0.000000,1.000000,1,0.346926,3.080724,1.603639,5.861283,1,0.474888,4,4,4,4,4,4,4,4,4,4,4,4,4,4
1548253173.859859,0.692282,0.267989,-1.484132,0.878813,1,0.768747,14.408059,-9.010538,22.505309,1,0.231618,0.116682,0.061008,0.275009,1,0.892571,64.748230,20.204912,68.440435,1,0.682274,0.682274,0.000000,1.000000,1,0.189236,2.409340,1.603639,5.861283,1,0.418581,4,4,4,4,4,4,4,4,4,4,4,4,4,4
1548253183.850531,0.700093,0.275789,-1.479560,0.880418,1,0.794914,16.041905,-8.958624,22.524208,1,0.237502,0.117980,0.061187,0.274123,1,0.917469,68.035294,20.225776,68.927054,1,0.658748,0.658748,0.000000,1.000000,1,0.313823,2.928395,1.603800,5.824640,1,0.357476,4,4,4,4,4,4,4,4,4,4,4,4,4,4
1548253193.837509,0.752995,-0.021841,-1.475667,0.882975,1,0.757366,13.916430,-8.937973,22.574098,1,0.227566,0.115580,0.061435,0.273289,1,0.808308,59.003685,20.224395,69.448517,1,0.589406,0.589406,0.000000,1.000000,1,0.170026,2.321451,1.603800,5.824640,1,0.312571,4,4,4,4,4,4,4,4,4,4,4,4,4,4
1548253203.823580,0.734650,0.352799,-1.471601,0.885177,1,0.885569,17.764325,-9.036823,22.710780,1,0.514960,0.169744,0.061805,0.272636,1,0.986524,87.653679,20.108894,69.823063,1,0.538673,0.538673,0.000000,1.000000,1,0.577076,4.026767,1.602630,5.803352,1,0.329059,4,4,4,4,4,4,4,4,4,4,4,4,4,4
1548253213.814148,0.852080,0.463305,-1.475048,0.896987,1,0.729713,13.476256,-9.025255,22.760821,1,0.697059,0.202407,0.062143,0.272539,1,0.914066,70.209061,19.275455,71.629736,1,0.489410,0.489410,0.000000,1.000000,1,0.920866,5.470931,1.602630,5.803352,1,0.434850,4,4,4,4,4,4,4,4,4,4,4,4,4,4
1548253223.799114,0.764737,0.410738,-1.478335,0.908737,1,0.762425,15.303349,-8.955903,22.757882,1,0.576778,0.180497,0.062350,0.272608,1,0.771379,58.471489,19.361122,71.983806,1,0.561659,0.561659,0.000000,1.000000,1,0.557166,3.961258,1.625822,5.817453,1,0.566544,4,4,4,4,4,4,4,4,4,4,4,4,4,4
1548253233.787594,0.631019,0.039254,-1.473941,0.909487,1,0.970103,28.348370,-9.327335,23.089895,1,0.394257,0.149583,0.062869,0.272269,1,0.683704,53.864906,19.447339,72.059971,1,0.583308,0.583308,0.000000,1.000000,1,0.152280,2.264123,1.625822,5.817453,1,0.516935,4,4,4,4,4,4,4,4,4,4,4,4,4,4
1548253243.776872,0.668595,0.411369,-1.467787,0.907363,1,0.773628,15.105076,-9.424802,23.227910,1,0.259335,0.123632,0.063183,0.271548,1,0.786389,59.611938,19.624303,72.194061,1,0.651411,0.651411,0.000000,1.000000,1,0.236635,2.617709,1.625822,5.817453,1,0.450193,4,4,4,4,4,4,4,4,4,4,4,4,4,4
1548253253.762639,0.661905,0.075526,-1.462376,0.906871,1,0.858711,17.649527,-9.524415,23.378321,1,0.302151,0.132421,0.063460,0.270807,1,0.975376,86.027092,19.276556,73.289767,1,0.667799,0.667799,0.000000,1.000000,1,0.295515,2.853527,1.620776,5.792311,1,0.390832,4,4,4,4,4,4,4,4,4,4,4,4,4,4
1548253263.751101,0.650225,-0.021899,-1.456320,0.904636,1,0.770176,15.506098,-9.533535,23.453785,1,0.211250,0.112469,0.063658,0.270030,1,0.801695,62.233360,18.843752,74.515435,1,0.648262,0.648262,0.000000,1.000000,1,0.442963,3.468613,1.620776,5.792311,1,0.374590,4,4,4,4,4,4,4,4,4,4,4,4,4,4
1548253273.738772,0.714208,0.498344,-1.450502,0.902784,1,0.911251,26.870430,-9.581811,23.560299,1,0.236108,0.118291,0.063818,0.269242,1,0.989354,97.561005,18.897708,74.830866,0,0.546641,0.546641,0.000000,1.000000,1,0.427093,3.393308,1.628312,5.760891,0,0.363009,4,4,4,4,4,4,4,4,4,4,4,4,4,4
1548253283.727036,0.771432,0.232439,-1.451185,0.910936,1,0.850962,19.216199,-9.986163,23.942953,1,0.376122,0.145727,0.064194,0.268645,1,0.998899,130.884689,16.701117,78.021536,1,0.621485,0.621485,0.000000,1.000000,1,0.285200,2.806925,1.628312,5.760891,1,0.371520,4,4,4,4,4,4,4,4,4,4,4,4,4,4
1548253293.716413,0.719423,0.082074,-1.449002,0.915276,1,0.793716,16.697212,-9.997553,24.021088,1,0.405251,0.150873,0.064698,0.268288,1,0.852872,70.324516,15.880771,79.822369,1,0.557418,0.557418,0.000000,1.000000,1,0.446652,3.466949,1.641080,5.728977,1,0.359356,4,4,4,4,4,4,4,4,4,4,4,4,4,4
1548253303.703583,0.760414,0.149387,-1.446118,0.918499,1,0.725049,11.786205,-9.993272,24.084424,1,0.312269,0.134424,0.065097,0.267753,1,0.489776,47.449383,16.092285,79.849580,1,0.497115,0.497115,0.000000,1.000000,1,0.429656,3.397469,1.641080,5.728977,1,0.408565,4,4,4,4,4,4,4,4,4,4,4,4,4,4
1548253313.689342,0.695055,-0.056848,-1.443758,0.922453,1,0.625750,10.198643,-9.919123,24.063946,1,0.263187,0.124744,0.065420,0.267130,1,0.311169,37.812809,16.170200,79.625537,1,0.405915,0.405915,0.000000,1.000000,1,0.129187,2.174876,1.651389,5.703541,1,0.334427,4,4,4,4,4,4,4,4,4,4,4,4,4,4
1548253323.677497,0.623940,0.159308,-1.438121,0.920546,1,0.769455,14.614764,-9.918254,24.118408,1,0.239627,0.119679,0.065656,0.266444,1,0.618463,54.042995,16.328565,79.543580,1,0.519477,0.519477,0.000000,1.000000,1,0.271703,2.752370,1.651389,5.703541,1,0.299449,4,4,4,4,4,4,4,4,4,4,4,4,4,4
1548253333.664572,0.598297,-0.281214,-1.432520,0.917397,1,0.704424,13.968988,-9.861152,24.125945,1,0.242849,0.120301,0.065810,0.265722,1,0.652684,56.096199,16.468433,79.754263,1,0.525978,0.525978,0.000000,1.000000,1,0.391278,3.215770,1.628317,5.685415,1,0.279977,4,4,4,4,4,4,4,4,4,4,4,4,4,4
1548253343.655942,0.633755,0.031510,-1.426716,0.914062,1,0.620273,10.009365,-9.794319,24.112728,1,0.215164,0.113997,0.065993,0.265026,1,0.334972,39.490849,16.626413,79.640943,1,0.429100,0.429100,0.000000,1.000000,1,0.229280,2.558530,1.628317,5.685415,1,0.303651,4,4,4,4,4,4,4,4,4,4,4,4,4,4
1548253353.640905,0.644949,-0.258406,-1.421250,0.912256,1,0.789303,15.631881,-9.749557,24.119784,1,0.243731,0.120354,0.066145,0.264325,1,0.643739,55.633984,16.801857,79.603927,1,0.538692,0.538692,0.000000,1.000000,1,0.384333,3.181210,1.633706,5.660175,1,0.314437,4,4,4,4,4,4,4,4,4,4,4,4,4,4
1548253363.628860,0.694183,0.007649,-1.416042,0.910644,1,0.825354,17.330057,-9.726579,24.159723,1,0.194327,0.108803,0.066257,0.263620,1,0.637540,55.296284,16.996372,79.481936,1,0.536934,0.536934,0.000000,1.000000,1,0.102023,2.044497,1.633706,5.660175,1,0.298677,4,4,4,4,4,4,4,4,4,4,4,4,4,4
1548253373.616737,0.670984,-0.052859,-1.411355,0.910413,1,0.742105,13.884175,-9.759430,24.251889,1,0.226781,0.116406,0.066342,0.262914,1,0.429280,44.696571,17.151936,79.323581,1,0.439462,0.439462,0.000000,1.000000,1,0.267705,2.701855,1.628866,5.636969,1,0.272894,4,4,4,4,4,4,4,4,4,4,4,4,4,4
1548253383.602002,0.667886,0.035209,-1.406163,0.908956,1,0.763916,15.727459,-9.708629,24.265973,1,0.187061,0.106761,0.066392,0.262208,1,0.385657,42.439289,17.272623,79.125566,1,0.416712,0.416712,0.000000,1.000000,1,0.142148,2.198609,1.628866,5.636969,1,0.234867,4,4,4,4,4,4,4,4,4,4,4,4,4,4
1548253393.592880,0.659302,-0.238586,-1.401132,0.907779,1,0.802623,16.085871,-9.689831,24.311470,1,0.214103,0.113213,0.066403,0.261504,1,0.464277,46.424995,17.417219,78.956141,1,0.398143,0.398143,0.000000,1.000000,1,0.082953,1.942292,1.610080,5.614882,1,0.179248,4,4,4,4,4,4,4,4,4,4,4,4,4,4
1548253403.579645,0.560473,-0.133042,-1.395791,0.904552,1,0.757645,14.392529,-9.651265,24.336918,1,0.207196,0.111535,0.066529,0.260840,1,0.435862,45.023724,17.574198,78.790052,1,0.385398,0.385398,0.000000,1.000000,1,0.156245,2.235810,1.610080,5.614882,1,0.152673,4,4,4,4,4,4,4,4,4,4,4,4,4,4
1548253413.566620,0.495170,-0.103228,-1.391813,0.900107,1,0.777369,16.439975,-9.590303,24.336986,1,0.183657,0.105612,0.066576,0.260159,1,0.337366,39.829929,17.544168,78.602910,1,0.377547,0.377547,0.000000,1.000000,1,0.303847,2.798780,1.576358,5.599513,1,0.162734,4,4,4,4,4,4,4,4,4,4,4,4,4,4
1548253423.554888,0.598240,0.179426,-1.387409,0.895853,1,0.771279,15.011583,-9.555169,24.365002,1,0.202791,0.110259,0.066633,0.259488,1,0.609768,53.489643,17.672979,78.454625,1,0.486025,0.486025,0.000000,1.000000,1,0.275155,2.683351,1.576358,5.599513,1,0.210373,4,4,4,4,4,4,4,4,4,4,4,4,4,4
1548253433.542552,0.630150,0.278016,-1.382186,0.893364,1,0.806716,18.009033,-9.527799,24.400472,1,0.173004,0.102589,0.066631,0.258815,1,0.463855,46.295063,17.807375,78.286497,1,0.467971,0.467971,0.000000,1.000000,1,0.241504,2.541628,1.576317,5.573401,1,0.251461,4,4,4,4,4,4,4,4,4,4,4,4,4,4
1548253443.532714,0.743748,0.217294,-1.378835,0.894586,1,0.835821,16.991800,-9.677281,24.583276,1,0.223675,0.114766,0.066679,0.258163,1,0.746965,61.216362,17.945172,78.337771,1,0.572186,0.572186,0.000000,1.000000,1,0.362034,3.023398,1.576317,5.573401,1,0.302151,4,4,4,4,4,4,4,4,4,4,4,4,4,4
1548253453.519276,0.694676,0.094512,-1.375762,0.896437,1,0.803451,16.127806,-9.703485,24.667957,1,0.191802,0.107279,0.066776,0.257530,1,0.688376,57.724487,18.122903,78.261278,1,0.571337,0.571337,0.000000,1.000000,1,0.343275,2.941156,1.580475,5.544295,1,0.306255,4,4,4,4,4,4,4,4,4,4,4,4,4,4
1548253463.506542,0.724875,0.150888,-1.371913,0.896952,1,0.775759,15.337567,-9.688916,24.715350,1,0.202459,0.109792,0.066884,0.256909,1,0.437857,45.218723,18.281169,78.138776,1,0.460562,0.460562,0.000000,1.000000,1,0.127619,2.086333,1.580475,5.544295,1,0.299769,4,4,4,4,4,4,4,4,4,4,4,4,4,4
1548253473.493009,0.731245,0.162628,-1.369100,0.899134,1,0.793255,17.040643,-9.674649,24.762163,1,0.179535,0.104097,0.066972,0.256291,1,0.612401,53.655670,18.408508,77.999639,1,0.516426,0.516426,0.000000,1.000000,1,0.243113,2.530331,1.569455,5.521835,1,0.258502,4,4,4,4,4,4,4,4,4,4,4,4,4,4
1548253483.483672,0.711753,0.303453,-1.367238,0.902627,1,0.775268,16.870551,-9.654518,24.803135,1,0.192605,0.107237,0.066980,0.255659,1,0.321945,39.349075,18.524041,77.849471,1,0.372804,0.372804,0.000000,1.000000,1,0.091559,1.931332,1.569455,5.521835,1,0.211396,4,4,4,4,4,4,4,4,4,4,4,4,4,4
1548253493.470231,0.690084,0.315586,-1.363258,0.902737,1,0.766200,15.083993,-9.625207,24.835028,1,0.215343,0.112423,0.067039,0.255045,1,0.457260,46.133305,18.627677,77.687610,1,0.404363,0.404363,0.000000,1.000000,1,0.138330,2.092284,1.544217,5.506233,1,0.194826,4,4,4,4,4,4,4,4,4,4,4,4,4,4
1548253503.456793,0.677199,0.150181,-1.359296,0.902817,1,0.775767,17.477956,-9.587577,24.858016,1,0.220771,0.113542,0.067133,0.254447,1,0.508446,48.538326,18.727421,77.554183,1,0.419735,0.419735,0.000000,1.000000,1,0.478857,3.441458,1.544217,5.506233,1,0.166474,4,4,4,4,4,4,4,4,4,4,4,4,4,4
1548253513.447160,0.673512,-0.368539,-1.355450,0.903022,1,0.776980,15.673465,-9.671441,24.987606,1,0.427388,0.149915,0.067497,0.254175,1,0.923194,77.515976,18.732357,77.674376,1,0.566206,0.566206,0.000000,1.000000,1,0.599111,3.904738,1.530295,5.493569,1,0.332841,4,4,4,4,4,4,4,4,4,4,4,4,4,4
1548253523.434130,0.673218,-0.261413,-1.351135,0.902210,1,0.708185,12.821539,-9.618130,24.992159,1,0.285288,0.126596,0.067770,0.253739,1,0.496069,48.129520,18.835312,77.794585,1,0.522834,0.522834,0.000000,1.000000,1,0.413034,3.167261,1.530295,5.493569,1,0.418269,4,4,4,4,4,4,4,4,4,4,4,4,4,4
1548253533.422494,0.523103,-0.122242,-1.346604,0.899298,1,0.629760,12.530779,-9.580891,24.948719,1,0.212079,0.111933,0.067930,0.253197,1,0.554754,50.834400,18.871181,77.629272,1,0.580779,0.580779,0.000000,1.000000,1,0.301019,2.735330,1.552646,5.481581,1,0.411366,4,4,4,4,4,4,4,4,4,4,4,4,4,4
1548253543.410260,0.602811,0.129653,-1.342169,0.895937,1,0.629224,11.263643,-9.509339,24.907567,1,0.250081,0.119846,0.068099,0.252669,1,0.291745,37.845200,18.962591,77.492321,1,0.468896,0.468896,0.000000,1.000000,1,0.344018,2.904270,1.552646,5.481581,1,0.420354,4,4,4,4,4,4,4,4,4,4,4,4,4,4
1548253553.397324,0.633230,-0.304844,-1.337455,0.893422,1,0.642477,11.749970,-9.435913,24.864222,1,0.306127,0.130137,0.068293,0.252165,1,0.317354,39.226505,18.998362,77.324932,1,0.441655,0.441655,0.000000,1.000000,1,0.286565,2.679291,1.561697,5.461659,1,0.412879,4,4,4,4,4,4,4,4,4,4,4,4,4,4
1548253563.385586,0.613231,-0.084028,-1.332789,0.890798,1,0.758906,15.578915,-9.378724,24.854954,1,0.261694,0.122092,0.068501,0.251678,1,0.641194,54.915741,19.102961,77.230231,1,0.561727,0.561727,0.000000,1.000000,1,0.327013,2.837034,1.561697,5.461659,1,0.373699,4,4,4,4,4,4,4,4,4,4,4,4,4,4
1548253573.373046,0.601601,-0.348702,-1.328170,0.888112,1,0.920359,17.110055,-9.781694,25.211893,1,0.423807,0.148819,0.068753,0.251314,1,0.833087,66.885086,19.123571,77.260587,1,0.577516,0.577516,0.000000,1.000000,1,0.697309,4.267793,1.567659,5.439880,1,0.392130,4,4,4,4,4,4,4,4,4,4,4,4,4,4
1548253583.360803,0.568048,0.169249,-1.323792,0.884798,1,0.599342,9.169446,-9.747813,25.191434,1,0.419408,0.148258,0.069112,0.251074,1,0.719543,59.156986,19.228245,77.227168,1,0.621849,0.621849,0.000000,1.000000,1,0.843698,4.834644,1.567659,5.439880,1,0.524438,4,4,4,4,4,4,4,4,4,4,4,4,4,4
1548253593.349464,0.511153,-0.110356,-1.320012,0.881250,1,0.385847,4.176821,-9.810470,25.178127,1,0.236737,0.117567,0.069364,0.250667,1,0.133071,26.399298,19.138807,77.136812,1,0.516015,0.516015,0.000000,1.000000,1,0.410513,3.168041,1.582985,5.444149,1,0.578561,4,4,4,4,4,4,4,4,4,4,4,4,4,4
1548253603.338124,0.480663,-0.247912,-1.317116,0.877505,1,0.398744,4.446386,-9.975842,25.202196,1,0.222554,0.114582,0.069440,0.250131,1,0.143434,27.110115,18.797224,77.097095,1,0.480816,0.480816,0.000000,1.000000,1,0.224931,2.451480,1.582985,5.444149,1,0.508235,4,4,4,4,4,4,4,4,4,4,4,4,4,4
1548253613.324889,0.467353,-0.397695,-1.315616,0.873992,1,0.388871,4.251728,-10.169673,25.238451,1,0.211137,0.112070,0.069498,0.249595,1,0.148028,27.275423,18.495771,77.038364,1,0.425049,0.425049,0.000000,1.000000,1,0.121282,2.050535,1.584665,5.425892,1,0.403176,4,4,4,4,4,4,4,4,4,4,4,4,4,4
1548253623.312048,0.567286,0.107622,-1.312912,0.870391,1,0.850017,26.210402,-10.287695,25.263663,1,0.496273,0.158870,0.069662,0.249148,1,0.178410,29.742243,18.323963,77.009278,1,0.293026,0.293026,0.000000,1.000000,1,0.631246,4.009423,1.584665,5.425892,1,0.373062,4,4,4,4,4,4,4,4,4,4,4,4,4,4
1548253633.303115,0.471988,-0.323357,-1.309587,0.867040,1,0.487891,6.890040,-10.340799,25.287638,1,0.270756,0.123928,0.069927,0.248833,1,0.187714,30.274492,18.097454,76.919815,1,0.391535,0.391535,0.000000,1.000000,1,0.223727,2.435924,1.578018,5.412625,1,0.363709,4,4,4,4,4,4,4,4,4,4,4,4,4,4
1548253643.289291,0.483384,-0.341834,-1.307862,0.863550,1,0.470327,6.249931,-10.387824,25.265304,1,0.261191,0.122144,0.070079,0.248358,1,0.119719,23.804438,17.847124,76.841820,1,0.327792,0.327792,0.000000,1.000000,1,0.120429,2.039817,1.578018,5.412625,1,0.295193,4,4,4,4,4,4,4,4,4,4,4,4,4,4
1548253653.274672,0.429192,-0.618897,-1.305664,0.860033,1,0.480559,7.453939,-10.460660,25.252741,1,0.450715,0.152195,0.070364,0.248086,1,0.174457,28.765213,17.556352,76.822623,1,0.262284,0.262284,0.000000,1.000000,1,0.348426,2.901164,1.569015,5.392349,1,0.288189,4,4,4,4,4,4,4,4,4,4,4,4,4,4
1548253663.263736,0.436680,-0.398870,-1.306729,0.857465,1,0.479881,6.827256,-10.505440,25.230016,1,0.317857,0.132148,0.070637,0.247763,1,0.171302,28.280722,17.299872,76.747698,1,0.318195,0.318195,0.000000,1.000000,1,0.206727,2.359401,1.569015,5.392349,1,0.283615,4,4,4,4,4,4,4,4,4,4,4,4,4,4
1548253673.254497,0.485653,-0.207063,-1.306429,0.854450,1,0.489529,7.205240,-10.569590,25.214534,1,0.418580,0.147588,0.070921,0.247461,1,0.150165,26.138594,16.980892,76.703171,1,0.239823,0.239823,0.000000,1.000000,1,0.170760,2.217816,1.568787,5.369600,1,0.255326,4,4,4,4,4,4,4,4,4,4,4,4,4,4
1548253683.240555,0.463991,-0.527681,-1.304674,0.851081,1,0.525453,7.156191,-10.570241,25.180317,1,0.253287,0.121069,0.071144,0.247079,1,0.197531,29.887402,16.731799,76.627936,1,0.322306,0.322306,0.000000,1.000000,1,0.170733,2.217710,1.568787,5.369600,1,0.222828,4,4,4,4,4,4,4,4,4,4,4,4,4,4
1548253693.226417,0.517048,-0.507417,-1.303709,0.848410,1,0.398312,5.725488,-10.733556,25.209454,1,0.297007,0.128767,0.071283,0.246707,1,0.183984,28.740526,16.637889,76.527457,1,0.299541,0.299541,0.000000,1.000000,1,0.284357,2.635239,1.554398,5.355402,1,0.226662,4,4,4,4,4,4,4,4,4,4,4,4,4,4
1548253703.215685,0.521509,-0.367995,-1.300894,0.845016,1,0.462282,5.892139,-10.757760,25.182278,1,0.276188,0.125200,0.071474,0.246299,1,0.241845,32.781113,16.522837,76.409966,1,0.368897,0.368897,0.000000,1.000000,1,0.407143,3.101949,1.554398,5.355402,1,0.284970,4,4,4,4,4,4,4,4,4,4,4,4,4,4
1548253713.202447,0.442350,-0.269158,-1.300496,0.842092,1,0.414122,4.371316,-10.868423,25.185784,1,0.203902,0.111276,0.071621,0.245863,1,0.132430,23.756493,16.310527,76.323771,1,0.367004,0.367004,0.000000,1.000000,1,0.199166,2.313895,1.562279,5.336089,1,0.295471,4,4,4,4,4,4,4,4,4,4,4,4,4,4
1548253723.190409,0.410866,-0.350869,-1.299872,0.839078,1,0.410623,5.111402,-11.011380,25.202468,1,0.165708,0.102343,0.071639,0.245378,1,0.272308,34.288395,15.995971,76.285120,1,0.417934,0.417934,0.000000,1.000000,1,0.186597,2.266461,1.562279,5.336089,1,0.260030,4,4,4,4,4,4,4,4,4,4,4,4,4,4
1548253733.179281,0.545216,-0.308901,-1.298462,0.836050,1,0.448485,4.575150,-11.061354,25.183235,1,0.233402,0.117089,0.071676,0.244904,1,0.434930,42.968929,16.060278,76.171607,1,0.529297,0.529297,0.000000,1.000000,1,0.815543,4.625970,1.553756,5.320837,1,0.378478,4,4,4,4,4,4,4,4,4,4,4,4,4,4
1548253743.166043,0.446566,0.158494,-1.296411,0.832819,1,0.442851,4.916542,-11.226622,25.209969,1,0.179587,0.105546,0.071653,0.244424,1,0.168679,26.866009,15.989603,76.081531,0,0.671354,0.671354,0.000000,1.000000,1,0.880495,4.870652,1.553756,5.320837,1,0.470438,4,4,4,4,4,4,4,4,4,4,4,4,4,4
1548253753.153400,0.596604,0.096632,-1.293729,0.829748,1,0.540400,7.785444,-11.239811,25.221032,1,0.391386,0.142820,0.071899,0.244162,1,0.371131,39.692291,16.033361,76.001277,1,0.542057,0.542057,0.000000,1.000000,1,0.935185,5.081890,1.569325,5.325334,1,0.577412,4,4,4,4,4,4,4,4,4,4,4,4,4,4
1548253763.140861,0.604733,-0.200755,-1.289870,0.827225,1,0.571811,7.351737,-11.202702,25.198237,1,0.585665,0.170059,0.072161,0.244150,1,0.505501,46.267601,16.067843,75.940389,1,0.559593,0.559593,0.000000,1.000000,1,0.886197,4.897888,1.569325,5.325334,1,0.698474,4,4,4,4,4,4,4,4,4,4,4,4,4,4
1548253773.130227,0.686218,0.040804,-1.286168,0.825354,1,0.495923,6.698660,-11.206260,25.164131,1,0.355540,0.137835,0.072468,0.244015,1,0.489118,45.479103,16.179267,75.817477,1,0.621908,0.621908,0.000000,1.000000,1,0.259669,2.556715,1.579968,5.341483,1,0.673074,4,4,4,4,4,4,4,4,4,4,4,4,4,4
1548253783.116996,0.700484,0.151537,-1.283533,0.826156,1,0.488646,7.501083,-11.268015,25.149724,1,0.225751,0.115931,0.072578,0.243591,1,0.322776,37.142334,16.228825,75.677399,1,0.545088,0.545088,0.000000,1.000000,1,0.149361,2.141791,1.579968,5.341483,1,0.539136,4,4,4,4,4,4,4,4,4,4,4,4,4,4
1548253793.106666,0.712082,0.345151,-1.280931,0.827001,1,0.550575,12.677309,-11.315080,25.130276,1,0.340631,0.135444,0.072727,0.243198,1,0.713778,56.763950,16.305695,75.562580,1,0.551781,0.551781,0.000000,1.000000,1,0.191970,2.291044,1.568653,5.331689,1,0.400183,4,4,4,4,4,4,4,4,4,4,4,4,4,4
1548253803.093632,0.642678,-0.209695,-1.277904,0.826983,1,0.484690,6.031097,-11.295300,25.094392,1,0.207491,0.112286,0.072863,0.242806,1,0.387319,40.516895,16.400589,75.468484,1,0.475952,0.475952,0.000000,1.000000,1,0.405115,3.093114,1.568653,5.331689,1,0.333666,4,4,4,4,4,4,4,4,4,4,4,4,4,4
1548253813.083396,0.676265,-0.045629,-1.274329,0.825569,1,0.484704,6.574929,-11.346337,25.076709,1,0.183806,0.107134,0.072933,0.242373,1,0.373497,39.853779,16.510254,75.376548,1,0.442675,0.442675,0.000000,1.000000,1,0.189847,2.279846,1.567876,5.318098,1,0.282902,4,4,4,4,4,4,4,4,4,4,4,4,4,4
1548253823.068754,0.682389,0.144806,-1.270753,0.824087,1,0.477994,6.042295,-11.387598,25.055623,1,0.196128,0.109785,0.072974,0.241937,1,0.309611,36.476723,16.543023,75.238400,1,0.374410,0.374410,0.000000,1.000000,1,0.197451,2.308361,1.567876,5.318098,1,0.213964,4,4,4,4,4,4,4,4,4,4,4,4,4,4
1548253833.057416,0.642564,0.082239,-1.267327,0.823025,1,0.471698,6.075095,-11.429416,25.034930,1,0.160819,0.101542,0.072964,0.241494,1,0.323749,37.204033,16.556553,75.100990,1,0.381327,0.381327,0.000000,1.000000,1,0.027402,1.657610,1.554762,5.308137,1,0.194890,4,4,4,4,4,4,4,4,4,4,4,4,4,4
1548253843.045576,0.615056,0.144026,-1.264030,0.822276,1,0.506370,6.538831,-11.419039,25.002364,1,0.374053,0.139981,0.073212,0.241383,1,0.380969,40.139240,16.630230,74.977918,1,0.298999,0.298999,0.000000,1.000000,1,0.120154,2.005744,1.554762,5.308137,1,0.190709,4,4,4,4,4,4,4,4,4,4,4,4,4,4
1548253853.033141,0.632314,0.344563,-1.260441,0.820212,1,0.477186,6.424749,-11.466862,24.984331,1,0.203398,0.111388,0.073334,0.241002,1,0.374216,39.800652,16.701563,74.861370,1,0.368752,0.368752,0.000000,1.000000,1,0.209564,2.325956,1.537920,5.298281,1,0.162815,4,4,4,4,4,4,4,4,4,4,4,4,4,4
1548253863.022002,0.524479,-0.252756,-1.257453,0.817618,1,0.459516,5.577248,-11.494205,24.959965,1,0.234449,0.117488,0.073470,0.240628,1,0.286796,35.194344,16.770982,74.742480,1,0.348558,0.348558,0.000000,1.000000,1,0.183412,2.227617,1.537920,5.298281,1,0.200985,4,4,4,4,4,4,4,4,4,4,4,4,4,4
1548253873.010967,0.542754,-0.333776,-1.254426,0.814747,1,0.479581,6.423645,-11.541515,24.942026,1,0.216122,0.113917,0.073525,0.240213,1,0.317429,36.834713,16.771084,74.611800,1,0.388747,0.388747,0.000000,1.000000,1,0.365429,2.902548,1.529161,5.287448,1,0.224223,4,4,4,4,4,4,4,4,4,4,4,4,4,4
1548253882.995833,0.610660,0.177148,-1.251103,0.812232,1,0.482049,5.677072,-11.591186,24.925099,1,0.175921,0.105345,0.073569,0.239801,1,0.303265,36.002838,16.733310,74.488733,1,0.384401,0.384401,0.000000,1.000000,1,0.176995,2.194359,1.529161,5.287448,1,0.211847,4,4,4,4,4,4,4,4,4,4,4,4,4,4
1548253892.984292,0.621016,-0.067674,-1.247612,0.810298,1,0.491733,6.524785,-11.630737,24.904692,1,0.237220,0.117770,0.073604,0.239391,1,0.444925,43.012058,16.757847,74.363179,1,0.426181,0.426181,0.000000,1.000000,1,0.477363,3.311868,1.515917,5.278148,1,0.227168,4,4,4,4,4,4,4,4,4,4,4,4,4,4
